{
    "parent": "item/generated",
    "textures": {
        "layer0": "item/iron_nugget"
    },
    "overrides": [
        {"predicate": {"custom_model_data": 20001}, "model": "upgrades/tech"},
		{"predicate": {"custom_model_data": 20002}, "model": "upgrades/speed"},
		{"predicate": {"custom_model_data": 20003}, "model": "upgrades/telekanusis"},
		{"predicate": {"custom_model_data": 20004}, "model": "upgrades/quary"},
		{"predicate": {"custom_model_data": 20005}, "model": "upgrades/autosmelting"}
    ]
}
